--=============
--MOVIE
--=============

INSERT INTO MOVIE (MOVIE_ID, TITLE, DEFAULT_PRICE, LENGTH)
    VALUES (1,'Spider-Man: No Way Home',18.99,148);
INSERT INTO MOVIE (MOVIE_ID, TITLE, DEFAULT_PRICE, LENGTH)
    VALUES (2,'Morbius',18.99,104);
INSERT INTO MOVIE (MOVIE_ID, TITLE, DEFAULT_PRICE, LENGTH)
    VALUES (3,'The Batman',18.99,178);
INSERT INTO MOVIE (MOVIE_ID, TITLE, DEFAULT_PRICE, LENGTH)
    VALUES (4,'Doctor Strange in the Multiverse of Madness',18.99,126);

--=============
--ROOM
--=============

INSERT INTO ROOM (ROOM_ID)
    VALUES (1);
INSERT INTO ROOM (ROOM_ID)
    VALUES (2);

--=============
--PRESENTATION
--=============

INSERT INTO PRESENTATION (PRESENTATION_ID, MOVIE_ID, ROOM_ID,STARTTIME)
    VALUES (1,1,1,'2022-04-30 20:00:00');
INSERT INTO PRESENTATION (PRESENTATION_ID, MOVIE_ID, ROOM_ID, STARTTIME)
    VALUES (2,3,1,'2022-05-01 18:30:00');

--=============
--ROW
--=============

--ROOM1
INSERT INTO C_ROW (ROW_ID, ROOM_ID, ADDITIONAL_CHARGE)
    VALUES (1,1,0);
INSERT INTO C_ROW (ROW_ID, ROOM_ID, ADDITIONAL_CHARGE)
    VALUES (2,1,0);
INSERT INTO C_ROW (ROW_ID, ROOM_ID, ADDITIONAL_CHARGE)
    VALUES (3,1,0);
INSERT INTO C_ROW (ROW_ID, ROOM_ID, ADDITIONAL_CHARGE)
    VALUES (4,1,0);
INSERT INTO C_ROW (ROW_ID, ROOM_ID, ADDITIONAL_CHARGE)
    VALUES (5,1,0);
INSERT INTO C_ROW (ROW_ID, ROOM_ID, ADDITIONAL_CHARGE)
    VALUES (6,1,2.5);
INSERT INTO C_ROW (ROW_ID, ROOM_ID, ADDITIONAL_CHARGE)
    VALUES (7,1,2.5);
INSERT INTO C_ROW (ROW_ID, ROOM_ID, ADDITIONAL_CHARGE)
    VALUES (8,1,2.5);
INSERT INTO C_ROW (ROW_ID, ROOM_ID, ADDITIONAL_CHARGE)
    VALUES (9,1,2.5);
INSERT INTO C_ROW (ROW_ID, ROOM_ID, ADDITIONAL_CHARGE)
    VALUES (10,1,2.5);

--ROOM2

--=============
--SEAT
--=============

--ROOM1

INSERT INTO SEAT (SEAT_ID, ROW_ID)
    VALUES (1,1);
INSERT INTO SEAT (SEAT_ID, ROW_ID)
    VALUES (2,1);
INSERT INTO SEAT (SEAT_ID, ROW_ID)
    VALUES (3,1);
INSERT INTO SEAT (SEAT_ID, ROW_ID)
    VALUES (4,1);
INSERT INTO SEAT (SEAT_ID, ROW_ID)
    VALUES (5,1);

INSERT INTO SEAT (SEAT_ID, ROW_ID)
    VALUES (6,2);
INSERT INTO SEAT (SEAT_ID, ROW_ID)
    VALUES (7,2);
INSERT INTO SEAT (SEAT_ID, ROW_ID)
    VALUES (8,2);
INSERT INTO SEAT (SEAT_ID, ROW_ID)
    VALUES (9,2);
INSERT INTO SEAT (SEAT_ID, ROW_ID)
    VALUES (10,2);

INSERT INTO SEAT (SEAT_ID, ROW_ID)
VALUES (11,3);
INSERT INTO SEAT (SEAT_ID, ROW_ID)
VALUES (12,3);
INSERT INTO SEAT (SEAT_ID, ROW_ID)
VALUES (13,3);
INSERT INTO SEAT (SEAT_ID, ROW_ID)
VALUES (14,3);
INSERT INTO SEAT (SEAT_ID, ROW_ID)
VALUES (15,3);

INSERT INTO SEAT (SEAT_ID, ROW_ID)
VALUES (16,4);
INSERT INTO SEAT (SEAT_ID, ROW_ID)
VALUES (17,4);
INSERT INTO SEAT (SEAT_ID, ROW_ID)
VALUES (18,4);
INSERT INTO SEAT (SEAT_ID, ROW_ID)
VALUES (19,4);
INSERT INTO SEAT (SEAT_ID, ROW_ID)
VALUES (20,4);

INSERT INTO SEAT (SEAT_ID, ROW_ID)
VALUES (21,5);
INSERT INTO SEAT (SEAT_ID, ROW_ID)
VALUES (22,5);
INSERT INTO SEAT (SEAT_ID, ROW_ID)
VALUES (23,5);
INSERT INTO SEAT (SEAT_ID, ROW_ID)
VALUES (24,5);
INSERT INTO SEAT (SEAT_ID, ROW_ID)
VALUES (25,5);

INSERT INTO SEAT (SEAT_ID, ROW_ID)
VALUES (26,6);
INSERT INTO SEAT (SEAT_ID, ROW_ID)
VALUES (27,6);
INSERT INTO SEAT (SEAT_ID, ROW_ID)
VALUES (28,6);
INSERT INTO SEAT (SEAT_ID, ROW_ID)
VALUES (29,6);
INSERT INTO SEAT (SEAT_ID, ROW_ID)
VALUES (30,6);

INSERT INTO SEAT (SEAT_ID, ROW_ID)
VALUES (31,7);
INSERT INTO SEAT (SEAT_ID, ROW_ID)
VALUES (32,7);
INSERT INTO SEAT (SEAT_ID, ROW_ID)
VALUES (33,7);
INSERT INTO SEAT (SEAT_ID, ROW_ID)
VALUES (34,7);
INSERT INTO SEAT (SEAT_ID, ROW_ID)
VALUES (35,7);

INSERT INTO SEAT (SEAT_ID, ROW_ID)
VALUES (36,8);
INSERT INTO SEAT (SEAT_ID, ROW_ID)
VALUES (37,8);
INSERT INTO SEAT (SEAT_ID, ROW_ID)
VALUES (38,8);
INSERT INTO SEAT (SEAT_ID, ROW_ID)
VALUES (39,8);
INSERT INTO SEAT (SEAT_ID, ROW_ID)
VALUES (40,8);

INSERT INTO SEAT (SEAT_ID, ROW_ID)
VALUES (41,9);
INSERT INTO SEAT (SEAT_ID, ROW_ID)
VALUES (42,9);
INSERT INTO SEAT (SEAT_ID, ROW_ID)
VALUES (43,9);
INSERT INTO SEAT (SEAT_ID, ROW_ID)
VALUES (44,9);
INSERT INTO SEAT (SEAT_ID, ROW_ID)
VALUES (45,9);

INSERT INTO SEAT (SEAT_ID, ROW_ID)
VALUES (46,10);
INSERT INTO SEAT (SEAT_ID, ROW_ID)
VALUES (47,10);
INSERT INTO SEAT (SEAT_ID, ROW_ID)
VALUES (48,10);
INSERT INTO SEAT (SEAT_ID, ROW_ID)
VALUES (49,10);
INSERT INTO SEAT (SEAT_ID, ROW_ID)
VALUES (50,10);

--=============
--TICKET
--=============

INSERT INTO TICKET (TICKET_ID, SEAT_ID, PRESENTATION_ID)
    VALUES (1,38,1);

--=============
--PRICE
--=============

INSERT INTO PRICE (PRESENTATION_ID, ROW_ID)
    VALUES (1,8);

