--=============
--MOVIE
--=============

INSERT INTO MOVIE (TITLE, DEFAULT_PRICE, LENGTH)
    VALUES ('Spider-Man: No Way Home',18.99,148);
INSERT INTO MOVIE (TITLE, DEFAULT_PRICE, LENGTH)
    VALUES ('Morbius',18.99,104);
INSERT INTO MOVIE (TITLE, DEFAULT_PRICE, LENGTH)
    VALUES ('The Batman',18.99,178);
INSERT INTO MOVIE (TITLE, DEFAULT_PRICE, LENGTH)
    VALUES ('Doctor Strange in the Multiverse of Madness',18.99,126);

--=============
--ROOM
--=============

INSERT INTO ROOM (ROOM_ID)
    VALUES (1);
INSERT INTO ROOM (ROOM_ID)
    VALUES (2);

--=============
--PRESENTATION
--=============

INSERT INTO PRESENTATION (MOVIE_ID, ROOM_ID,STARTTIME)
    VALUES (1,1,'2022-04-30 20:00:00');
INSERT INTO PRESENTATION (MOVIE_ID, ROOM_ID, STARTTIME)
    VALUES (3,1,'2022-05-01 18:30:00');

--=============
--ROW
--=============

--ROOM1

INSERT INTO C_ROW (ROW_ID, ROOM_ID) VALUES (1,1);
INSERT INTO C_ROW (ROW_ID, ROOM_ID) VALUES (2,1);
INSERT INTO C_ROW (ROW_ID, ROOM_ID) VALUES (3,1);
INSERT INTO C_ROW (ROW_ID, ROOM_ID) VALUES (4,1);
INSERT INTO C_ROW (ROW_ID, ROOM_ID) VALUES (5,1);

--=============
--SEAT
--=============

--ROOM1

INSERT INTO SEAT (SEAT_ID, ROW_ID, ROOM_ID) VALUES (1,1,1);
INSERT INTO SEAT (SEAT_ID, ROW_ID, ROOM_ID) VALUES (2,1,1);
INSERT INTO SEAT (SEAT_ID, ROW_ID, ROOM_ID) VALUES (3,1,1);
INSERT INTO SEAT (SEAT_ID, ROW_ID, ROOM_ID) VALUES (4,1,1);
INSERT INTO SEAT (SEAT_ID, ROW_ID, ROOM_ID) VALUES (5,1,1);

INSERT INTO SEAT (SEAT_ID, ROW_ID, ROOM_ID) VALUES (1,2,1);
INSERT INTO SEAT (SEAT_ID, ROW_ID, ROOM_ID) VALUES (2,2,1);
INSERT INTO SEAT (SEAT_ID, ROW_ID, ROOM_ID) VALUES (3,2,1);
INSERT INTO SEAT (SEAT_ID, ROW_ID, ROOM_ID) VALUES (4,2,1);
INSERT INTO SEAT (SEAT_ID, ROW_ID, ROOM_ID) VALUES (5,2,1);

INSERT INTO SEAT (SEAT_ID, ROW_ID, ROOM_ID) VALUES (1,3,1);
INSERT INTO SEAT (SEAT_ID, ROW_ID, ROOM_ID) VALUES (2,3,1);
INSERT INTO SEAT (SEAT_ID, ROW_ID, ROOM_ID) VALUES (3,3,1);
INSERT INTO SEAT (SEAT_ID, ROW_ID, ROOM_ID) VALUES (4,3,1);
INSERT INTO SEAT (SEAT_ID, ROW_ID, ROOM_ID) VALUES (5,3,1);

INSERT INTO SEAT (SEAT_ID, ROW_ID, ROOM_ID) VALUES (1,4,1);
INSERT INTO SEAT (SEAT_ID, ROW_ID, ROOM_ID) VALUES (2,4,1);
INSERT INTO SEAT (SEAT_ID, ROW_ID, ROOM_ID) VALUES (3,4,1);
INSERT INTO SEAT (SEAT_ID, ROW_ID, ROOM_ID) VALUES (4,4,1);
INSERT INTO SEAT (SEAT_ID, ROW_ID, ROOM_ID) VALUES (5,4,1);

INSERT INTO SEAT (SEAT_ID, ROW_ID, ROOM_ID) VALUES (1,5,1);
INSERT INTO SEAT (SEAT_ID, ROW_ID, ROOM_ID) VALUES (2,5,1);
INSERT INTO SEAT (SEAT_ID, ROW_ID, ROOM_ID) VALUES (3,5,1);
INSERT INTO SEAT (SEAT_ID, ROW_ID, ROOM_ID) VALUES (4,5,1);
INSERT INTO SEAT (SEAT_ID, ROW_ID, ROOM_ID) VALUES (5,5,1);

--=============
--TICKET
--=============

INSERT INTO TICKET (SEAT_ID, ROW_ID, ROOM_ID, PRESENTATION_ID)
VALUES (2,4,1,1);